id,gender,height,weight,cholesterol,gluc,smoke,alco,active,cardio,height(m),bmi,age_years,MAP
0,2,168,62.0,1,1,0,0,1,0,1.68,21.96712018,50.391780821917806,90.0
1,1,156,85.0,3,1,0,0,1,1,1.56,34.92767916,55.41917808219178,106.66666666666669
2,1,165,64.0,3,1,0,0,0,1,1.65,23.50780533,51.66301369863014,90.0
3,2,169,82.0,1,1,0,0,1,1,1.69,28.71047932,48.28219178082192,116.66666666666669
8,1,151,67.0,2,2,0,0,0,0,1.51,29.38467611,60.038356164383565,93.33333333333331
9,1,157,93.0,3,1,0,0,1,0,1.57,37.72972534,60.583561643835615,96.66666666666669
12,2,178,95.0,3,3,0,0,1,1,1.78,29.98358793,61.87397260273973,103.33333333333331
13,1,158,71.0,1,1,0,0,1,0,1.58,28.44095498,48.40547945205479,83.33333333333333
15,1,169,80.0,1,1,0,0,1,0,1.69,28.01022373,61.72602739726028,93.33333333333331